22/09/2023 05:27:29,Ciência e Tecnologia,1.0,2,1,0,1,0,0,0,0,0,0,0,0,.,0,TRUE,FALSE,FALSE,FALSE,FALSE,FALSE,FALSE,FALSE,FALSE
27/09/2023 13:39:05,Ciência e Tecnologia,3.0,2,1,2,2,0,0,0,0,0,0,0,0,.,0,FALSE,TRUE,FALSE,FALSE,FALSE,FALSE,FALSE,FALSE,FALSE
27/09/2023 13:41:11,Ciência e Tecnologia,3.0,2,1,2,2,0,0,0,0,0,0,0,0,.,0,FALSE,FALSE,TRUE,FALSE,FALSE,FALSE,FALSE,FALSE,FALSE
27/09/2023 13:34:28,Ciência e Tecnologia,3.0,2,1,0,2,2,0,2,0,0,0,0,0,.,0,FALSE,FALSE,FALSE,TRUE,FALSE,FALSE,FALSE,FALSE,FALSE
26/09/2023 11:42:10,Ciência e Tecnologia,3.0,2,1,0,1,0,0,0,0,0,0,0,0,.,0,FALSE,FALSE,FALSE,TRUE,FALSE,FALSE,FALSE,FALSE,FALSE
27/09/2023 13:05:28,Ciência e Tecnologia,3.0,2,3,0,2,1,0,1,4,1,0,0,1,.,0,FALSE,FALSE,FALSE,TRUE,FALSE,FALSE,FALSE,FALSE,FALSE
26/09/2023 12:29:12,Ciência e Tecnologia,3.0,2,3,0,2,0,1,0,0,0,0,0,0,.,0,FALSE,FALSE,FALSE,TRUE,FALSE,FALSE,FALSE,FALSE,FALSE
26/09/2023 11:24:51,Ciência e Tecnologia,3.0,2,1,0,0,1,1,0,0,0,0,0,0,.,0,FALSE,FALSE,FALSE,TRUE,FALSE,FALSE,FALSE,FALSE,FALSE
22/09/2023 05:35:36,Ciência e Tecnologia,3.0,2,1,0,0,0,0,1,0,0,0,0,0,.,0,FALSE,FALSE,FALSE,FALSE,FALSE,TRUE,FALSE,FALSE,FALSE
22/09/2023 05:38:52,Ciência e Tecnologia,3.0,2,1,0,0,0,0,0,0,0,0,0,0,.,0,FALSE,FALSE,FALSE,FALSE,FALSE,TRUE,FALSE,FALSE,FALSE
27/09/2023 10:28:26,Ciência e Tecnologia,5.0,2,3,2,2,0,3,2,0,0,0,0,0,.,0,FALSE,FALSE,FALSE,FALSE,FALSE,FALSE,FALSE,TRUE,FALSE
28/09/2023 10:53:01,Ciência e Tecnologia,5.0,2,1,1,2,0,0,0,0,0,1,1,0,.,0,FALSE,FALSE,FALSE,FALSE,FALSE,FALSE,FALSE,TRUE,FALSE
28/09/2023 11:09:08,Ciência e Tecnologia,5.0,2,1,1,2,0,0,1,3,1,0,0,0,.,0,FALSE,FALSE,FALSE,FALSE,FALSE,FALSE,FALSE,TRUE,FALSE
22/09/2023 05:34:11,Ciência e Tecnologia,3.0,2,1,0,0,0,0,0,0,0,0,0,0,..,0,FALSE,FALSE,FALSE,FALSE,FALSE,TRUE,FALSE,FALSE,FALSE
04/10/2023 21:41:31,Ciência e Tecnologia,3.0,2,1,1,0,0,0,1,0,0,1,1,0,"""A principal dificuldade é não ter com quem deixar meus filhos para vir à faculdade.""",0,FALSE,FALSE,FALSE,FALSE,TRUE,FALSE,FALSE,FALSE,FALSE
26/09/2023 11:36:10,Ciência e Tecnologia,3.0,2,1,2,1,0,0,1,0,0,0,0,0,a carga horária pesada,0,TRUE,FALSE,FALSE,FALSE,FALSE,FALSE,FALSE,FALSE,FALSE
27/09/2023 13:55:58,Engenharia Civil,7.0,2,3,1,2,0,3,0,4,1,0,0,1,a dificuldade dos horarios do curso pois não são bem elaborados,0,FALSE,FALSE,FALSE,FALSE,FALSE,FALSE,FALSE,TRUE,FALSE
28/09/2023 10:41:52,Ciência e Tecnologia,5.0,2,1,2,2,0,0,2,0,0,0,0,0,a dificuldade que certas matérias apresentam e o transporte pois o deslocamento é entre cidades,0,FALSE,FALSE,FALSE,FALSE,FALSE,TRUE,FALSE,FALSE,FALSE
26/09/2023 12:02:17,Ciência e Tecnologia,3.0,2,3,1,2,0,0,0,0,0,0,0,0,a distancia,0,TRUE,FALSE,FALSE,FALSE,FALSE,FALSE,FALSE,FALSE,FALSE
27/09/2023 13:24:21,Ciência e Tecnologia,3.0,1,0,0,0,0,0,0,0,0,1,1,0,a distancia da minha cidde e ter que morar em um lugar que não conheço ninguem,0,TRUE,FALSE,FALSE,FALSE,FALSE,FALSE,FALSE,FALSE,FALSE
26/09/2023 12:21:19,Ciência e Tecnologia,3.0,2,1,0,0,0,0,0,0,0,0,0,0,a distância e as dificuldades financeiras,0,FALSE,FALSE,FALSE,TRUE,FALSE,FALSE,FALSE,FALSE,FALSE
27/09/2023 13:21:14,Ciência e Tecnologia,3.0,2,1,2,2,2,0,1,4,1,1,0,1,a locomoção para a ufersa e o tempo da minha rotina que tenho que dedicar aos estudos,0,FALSE,FALSE,FALSE,TRUE,FALSE,FALSE,FALSE,FALSE,FALSE
26/09/2023 11:29:50,Ciência e Tecnologia,5.0,0,0,3,1,0,0,2,4,0,0,0,0,a maior dificuldade é o meio de transporte de caico-rn a angicos. pois a distancia é muito grande e cansativa. outra dificuldade é o tempo para estudar pois trabalho aos finais de semana.,0,FALSE,FALSE,FALSE,FALSE,FALSE,TRUE,FALSE,FALSE,FALSE
28/09/2023 11:08:04,Ciência e Tecnologia,5.0,2,1,2,2,0,0,0,0,0,0,0,0,"A minha principal dificuldade é em relação ao meu nervosismo e também minha timidez, pois é algo que sempre acaba tendo dificuldade",0,FALSE,FALSE,FALSE,FALSE,FALSE,FALSE,FALSE,TRUE,FALSE
22/09/2023 05:32:32,Ciência e Tecnologia,3.0,2,1,0,1,0,0,1,0,0,0,0,0,"A minha principal dificuldade era não saber se continuara por não ter condições de morar na cidade do campus e na minha cidade não ter transporte para ir mas facilmente consegui a residência universitária, então não há mais dificuldade.",0,FALSE,FALSE,FALSE,FALSE,FALSE,TRUE,FALSE,FALSE,FALSE
27/09/2023 13:18:16,Ciência e Tecnologia,3.0,2,1,2,2,1,0,1,0,0,0,0,0,a principal dificuldade é a quantidade de horas de sono pois tenho que acordar bem cedo e devido a cidade ser afastada do campus chegar tarde em casa,0,FALSE,FALSE,FALSE,TRUE,FALSE,FALSE,FALSE,FALSE,FALSE
26/09/2023 11:05:06,Ciência e Tecnologia,3.0,2,3,0,2,0,0,0,0,0,0,0,0,a viagem e o horario,0,FALSE,TRUE,FALSE,FALSE,FALSE,FALSE,FALSE,FALSE,FALSE
27/09/2023 12:40:56,Ciência e Tecnologia,6.0,2,1,1,2,1,0,2,2,1,0,0,0,Algumas matérias que não tive um bom desempenho no ensino medio,0,FALSE,FALSE,FALSE,FALSE,FALSE,FALSE,FALSE,TRUE,FALSE
26/09/2023 12:12:54,Ciência e Tecnologia,5.0,2,1,0,0,0,0,0,0,0,0,0,0,"aluguel, passagem cara",0,FALSE,FALSE,FALSE,FALSE,FALSE,FALSE,FALSE,TRUE,FALSE
05/10/2023 14:25:06,Ciência e Tecnologia,3.0,2,3,2,2,1,0,1,0,0,0,0,0,As disciplinas e condições financeiras,0,FALSE,FALSE,FALSE,FALSE,FALSE,TRUE,FALSE,FALSE,FALSE
27/09/2023 12:52:41,Ciência e Tecnologia,3.0,2,3,0,2,0,3,0,4,0,1,1,1,até agora não tenho dificuldades,0,FALSE,FALSE,FALSE,TRUE,FALSE,FALSE,FALSE,FALSE,FALSE
27/09/2023 13:26:36,Ciência e Tecnologia,3.0,2,1,0,0,0,0,0,5,0,0,0,0,até o momento nenhuma,0,FALSE,FALSE,FALSE,TRUE,FALSE,FALSE,FALSE,FALSE,FALSE
28/09/2023 11:32:11,Ciência e Tecnologia,5.0,2,1,0,0,0,0,0,1,0,1,1,3,até o momento nenhuma,0,FALSE,FALSE,FALSE,FALSE,FALSE,FALSE,FALSE,TRUE,FALSE
26/09/2023 12:10:08,Ciência e Tecnologia,3.0,2,1,0,0,0,0,0,0,0,0,0,0,atualmente não encontrei dificuldades em se manter no camps e na cidade da universidade,0,FALSE,TRUE,FALSE,FALSE,FALSE,FALSE,FALSE,FALSE,FALSE
27/09/2023 13:42:37,Ciência e Tecnologia,6.0,2,3,0,2,0,0,2,4,4,1,1,0,"cansaço, e pouco tempo de estudos",0,FALSE,FALSE,FALSE,FALSE,FALSE,FALSE,FALSE,TRUE,FALSE
27/09/2023 13:32:07,Ciência e Tecnologia,3.0,2,3,0,2,0,0,0,0,0,0,0,0,complexo os cálculos,0,FALSE,FALSE,TRUE,FALSE,FALSE,FALSE,FALSE,FALSE,FALSE
27/09/2023 13:53:29,Ciência e Tecnologia,3.0,2,1,2,2,0,0,2,5,1,0,0,1,conciliar os horários de estudos com minhas obrigações diárias,0,FALSE,FALSE,FALSE,TRUE,FALSE,FALSE,FALSE,FALSE,FALSE
26/09/2023 12:26:38,Ciência e Tecnologia,3.0,2,1,1,2,0,0,0,1,0,0,0,0,condições financeiras,0,FALSE,FALSE,FALSE,FALSE,TRUE,FALSE,FALSE,FALSE,FALSE
26/09/2023 12:23:53,Ciência e Tecnologia,3.0,2,1,3,2,1,2,3,2,2,0,0,1,"condições financeiras, falta de transporte e falta de bolsa de estudos",0,FALSE,TRUE,FALSE,FALSE,FALSE,FALSE,FALSE,FALSE,FALSE
28/09/2023 11:26:04,Ciência e Tecnologia,5.0,2,1,2,2,0,2,2,1,0,0,0,0,conseguir bolsa,0,FALSE,FALSE,FALSE,FALSE,FALSE,FALSE,FALSE,TRUE,FALSE
28/09/2023 11:01:22,Ciência e Tecnologia,5.0,2,1,2,2,0,0,1,1,1,0,0,1,didatica de algums professors e o cansaço da viagem ter que deslocar de uma cidade para outra,0,FALSE,FALSE,FALSE,FALSE,FALSE,FALSE,FALSE,TRUE,FALSE
26/09/2023 15:36:04,Ciência e Tecnologia,5.0,2,3,3,2,0,3,1,1,0,0,0,1,"dificuldade com as matérias, tempo para estudar",0,FALSE,FALSE,FALSE,FALSE,FALSE,FALSE,TRUE,FALSE,FALSE
26/09/2023 12:31:38,Ciência e Tecnologia,5.0,2,1,2,2,1,0,0,3,1,0,0,0,"dificuldade de aprendizagem, exclusivo em matérias de cálculo",0,FALSE,FALSE,FALSE,FALSE,FALSE,FALSE,FALSE,FALSE,TRUE
28/09/2023 11:13:54,Ciência e Tecnologia,5.0,2,1,1,0,0,0,2,1,1,1,0,1,"dificuldade em aprendizagem, em algumas materias",0,FALSE,FALSE,FALSE,FALSE,FALSE,FALSE,FALSE,TRUE,FALSE
26/09/2023 15:22:29,Ciência e Tecnologia,6.0,2,1,2,2,0,0,1,0,0,0,0,0,dificuldade em compreender certas disciplinas,0,FALSE,FALSE,FALSE,FALSE,FALSE,FALSE,FALSE,TRUE,FALSE
26/09/2023 15:00:13,Ciência e Tecnologia,5.0,2,1,1,1,0,0,0,0,0,0,0,0,dificuldades com alguns conteudos passados em sala de aula,0,FALSE,FALSE,FALSE,FALSE,FALSE,FALSE,FALSE,TRUE,FALSE
26/09/2023 12:15:46,Ciência e Tecnologia,3.0,1,0,0,0,0,0,2,6,4,1,1,2,disponibilidade de tempo,0,TRUE,FALSE,FALSE,FALSE,FALSE,FALSE,FALSE,FALSE,FALSE
26/09/2023 11:02:06,Ciência e Tecnologia,3.0,2,3,3,2,0,0,0,0,0,0,1,0,em relação ao transporte devido ser pago e o valor é um absurdo pra quem não trabalha fora que eu saio muito cedo ao local onde moro e a viagem de ida e vinda é muito cansativa e nos ultimos horarios não da pra assistir devido a saida do onibus sempre perco o final das aulas,0,FALSE,FALSE,FALSE,TRUE,FALSE,FALSE,FALSE,FALSE,FALSE
05/10/2023 14:08:15,Ciência e Tecnologia,3.0,2,3,3,2,0,0,0,0,0,0,0,0,Falta de estagio/trabalho de meio periodo e que seja acessivel,0,FALSE,FALSE,FALSE,FALSE,FALSE,TRUE,FALSE,FALSE,FALSE
27/09/2023 10:33:18,Ciência e Tecnologia,5.0,2,3,2,2,0,3,2,5,4,0,0,1,falta de tempo,0,FALSE,FALSE,FALSE,FALSE,FALSE,FALSE,FALSE,TRUE,FALSE
27/09/2023 13:58:56,Engenharia Civil,7.0,2,1,1,1,1,3,1,1,0,0,0,0,graça a deus não,0,FALSE,FALSE,FALSE,FALSE,FALSE,FALSE,FALSE,TRUE,FALSE
26/09/2023 15:30:56,Ciência e Tecnologia,5.0,2,3,1,2,0,0,1,6,4,0,0,2,horário para estudar limitado,0,FALSE,FALSE,FALSE,FALSE,FALSE,FALSE,FALSE,TRUE,FALSE
27/09/2023 10:38:15,Ciência e Tecnologia,5.0,2,3,3,2,0,2,1,0,0,0,0,1,"locomoção, tempo para o curso",0,FALSE,FALSE,FALSE,FALSE,FALSE,FALSE,FALSE,TRUE,FALSE
26/09/2023 12:18:54,Ciência e Tecnologia,3.0,2,1,0,0,0,0,1,0,0,0,0,0,me adaptar ao novo ciclo academico e estar distnte de onde moro e minha familia,0,FALSE,FALSE,FALSE,TRUE,FALSE,FALSE,FALSE,FALSE,FALSE
27/09/2023 13:27:47,Ciência e Tecnologia,3.0,2,1,1,0,2,2,0,4,0,0,0,1,meu trabalho,0,FALSE,FALSE,FALSE,TRUE,FALSE,FALSE,FALSE,FALSE,FALSE
28/09/2023 11:22:12,Ciência e Tecnologia,7.0,1,0,0,0,0,0,1,6,4,0,0,0,"meu trabalho, pois com ele as vezes torna dificil dar conta de tudo do jeito que me planejo",0,FALSE,FALSE,FALSE,FALSE,FALSE,FALSE,FALSE,TRUE,FALSE
26/09/2023 12:33:15,Ciência e Tecnologia,3.0,2,1,3,1,0,0,0,0,0,0,0,0,moro em macau e a minha maior dificuldade é me sustentar para morar aqui em angicos,0,FALSE,FALSE,FALSE,TRUE,FALSE,FALSE,FALSE,FALSE,FALSE
28/09/2023 10:39:54,Ciência e Tecnologia,5.0,2,3,3,2,0,0,0,0,4,0,0,0,motivos financeiros e de rotina de estudos diario,0,FALSE,FALSE,FALSE,FALSE,FALSE,FALSE,TRUE,FALSE,FALSE
27/09/2023 13:30:35,Ciência e Tecnologia,5.0,2,3,0,2,0,0,0,0,0,0,0,0,muita pressão,0,FALSE,FALSE,FALSE,FALSE,FALSE,FALSE,FALSE,TRUE,FALSE
27/09/2023 12:54:19,Ciência e Tecnologia,3.0,0,0,1,0,0,0,1,6,4,1,1,2,"muito tempo sem estudar, retornando esse ano com dificuldade nas disciplinas",0,TRUE,FALSE,FALSE,FALSE,FALSE,FALSE,FALSE,FALSE,FALSE
28/09/2023 11:29:31,Ciência e Tecnologia,5.0,2,1,1,0,0,0,1,6,1,0,0,1,"não há aésar das devodas de,amdas qie açgumas disciplinas exigem",0,FALSE,FALSE,FALSE,FALSE,FALSE,FALSE,FALSE,TRUE,FALSE
27/09/2023 13:33:03,Ciência e Tecnologia,3.0,2,1,0,2,1,0,1,2,0,0,0,1,não me identifico,0,FALSE,FALSE,FALSE,TRUE,FALSE,FALSE,FALSE,FALSE,FALSE
27/09/2023 12:44:07,Ciência e Tecnologia,5.0,1,0,0,0,0,0,0,2,1,0,0,1,não sinto muita dificuldade,0,FALSE,FALSE,FALSE,FALSE,FALSE,TRUE,FALSE,FALSE,FALSE
28/09/2023 10:26:04,Ciência e Tecnologia,3.0,2,1,2,1,0,2,0,0,0,0,0,1,não sou da cidade de angicos moro de aluguel,0,FALSE,FALSE,FALSE,TRUE,FALSE,FALSE,FALSE,FALSE,FALSE
11/09/2023 20:03:18,Ciência e Tecnologia,3.0,2,1,0,2,0,0,0,5,1,0,0,1,Não tenho,0,FALSE,FALSE,FALSE,FALSE,FALSE,TRUE,FALSE,FALSE,FALSE
28/09/2023 14:10:41,Ciência e Tecnologia,4.0,2,3,0,2,0,0,1,6,2,1,0,2,Não tenho,0,FALSE,FALSE,FALSE,FALSE,FALSE,TRUE,FALSE,FALSE,FALSE
28/09/2023 11:30:50,Ciência e Tecnologia,5.0,2,1,0,0,0,2,1,0,0,0,0,1,não tenho,0,FALSE,FALSE,FALSE,FALSE,FALSE,FALSE,FALSE,TRUE,FALSE
27/09/2023 14:05:14,Ciência e Tecnologia,3.0,2,1,2,0,2,0,0,0,0,0,0,0,não tenho dificuldade só não me identifico,0,FALSE,FALSE,FALSE,TRUE,FALSE,FALSE,FALSE,FALSE,FALSE
26/09/2023 12:14:10,Ciência e Tecnologia,3.0,2,1,0,0,0,0,1,0,0,0,0,0,não tenho dificuldades,0,FALSE,FALSE,FALSE,TRUE,FALSE,FALSE,FALSE,FALSE,FALSE
28/09/2023 11:17:49,Ciência e Tecnologia,5.0,2,1,2,2,0,0,1,6,4,0,0,1,não tenho dificuldades para pernecer no curso,0,FALSE,FALSE,FALSE,FALSE,FALSE,FALSE,FALSE,TRUE,FALSE
27/09/2023 13:38:02,Ciência e Tecnologia,3.0,2,1,0,0,1,0,0,0,0,0,0,2,não tenho muitas habilidades na area de exatas,0,FALSE,FALSE,FALSE,TRUE,FALSE,FALSE,FALSE,FALSE,FALSE
27/09/2023 13:16:26,Ciência e Tecnologia,3.0,2,1,2,2,2,0,2,2,0,0,0,0,nenhuma,0,FALSE,FALSE,FALSE,TRUE,FALSE,FALSE,FALSE,FALSE,FALSE
28/09/2023 10:38:10,Ciência e Tecnologia,5.0,2,1,0,1,0,0,1,0,0,0,0,0,nenhuma dificuldade no momento,0,FALSE,FALSE,FALSE,FALSE,FALSE,TRUE,FALSE,FALSE,FALSE
28/09/2023 10:30:14,Ciência e Tecnologia,4.0,2,1,3,2,0,0,2,6,2,0,0,1,nenhuma tão grande oque realmente desanima é a questão do transporte,0,FALSE,FALSE,FALSE,FALSE,FALSE,TRUE,FALSE,FALSE,FALSE
27/09/2023 12:50:53,Ciência e Tecnologia,3.0,2,1,0,1,1,3,0,0,0,1,0,0,no momento não tenho dificuldades,0,FALSE,FALSE,FALSE,TRUE,FALSE,FALSE,FALSE,FALSE,FALSE
27/09/2023 13:09:39,Ciência e Tecnologia,6.0,1,0,0,0,1,0,0,4,4,0,0,1,o aprendizado das matérias,0,FALSE,FALSE,FALSE,FALSE,FALSE,FALSE,FALSE,TRUE,FALSE
28/09/2023 11:19:54,Ciência e Tecnologia,5.0,2,3,1,2,0,3,1,3,1,0,0,0,o cansaço em relação as viajens diárias,0,FALSE,FALSE,FALSE,FALSE,FALSE,FALSE,FALSE,TRUE,FALSE
27/09/2023 13:44:35,Ciência e Tecnologia,6.0,2,3,0,2,1,0,2,6,4,1,1,1,o cansço e o pouco tempo de estudo.,0,FALSE,FALSE,FALSE,FALSE,FALSE,FALSE,FALSE,TRUE,FALSE
26/09/2023 11:34:49,Ciência e Tecnologia,3.0,2,3,0,2,0,0,0,0,0,0,0,0,o custo do onibus para vim pra angicos,0,FALSE,TRUE,FALSE,FALSE,FALSE,FALSE,FALSE,FALSE,FALSE
05/10/2023 10:34:36,Ciência e Tecnologia,3.0,2,1,2,2,0,0,1,0,0,0,0,0,o deslocameto da minha cidade,0,FALSE,FALSE,FALSE,FALSE,FALSE,TRUE,FALSE,FALSE,FALSE
27/09/2023 13:00:04,Ciência e Tecnologia,3.0,2,1,2,2,0,2,2,0,0,0,0,0,o horario e a distancia,0,FALSE,FALSE,FALSE,TRUE,FALSE,FALSE,FALSE,FALSE,FALSE
27/09/2023 13:22:47,Ciência e Tecnologia,3.0,2,1,2,2,0,2,2,0,0,0,0,0,o horário e a distância,0,FALSE,FALSE,FALSE,TRUE,FALSE,FALSE,FALSE,FALSE,FALSE
27/09/2023 13:29:18,Ciência e Tecnologia,3.0,2,1,0,2,1,0,0,0,0,0,0,0,o medo da minha falta de identificação com o curso atrapalhar meus planos futuros,0,FALSE,FALSE,FALSE,TRUE,FALSE,FALSE,FALSE,FALSE,FALSE
26/09/2023 11:03:48,Ciência e Tecnologia,3.0,2,3,0,2,0,1,0,0,0,0,0,0,o percurso da minha cidade ate o campus,0,FALSE,TRUE,FALSE,FALSE,FALSE,FALSE,FALSE,FALSE,FALSE
27/09/2023 13:36:32,Ciência e Tecnologia,3.0,2,1,1,0,0,0,2,6,2,0,0,3,o tempo para dedicar aos estudos e o trabalho que pega a maioria do meu tempo,0,FALSE,FALSE,TRUE,FALSE,FALSE,FALSE,FALSE,FALSE,FALSE
28/09/2023 10:47:23,Ciência e Tecnologia,5.0,2,1,2,2,0,0,1,5,4,1,0,1,"o tempo que tenho disponível e o cansaço devido o dia de trabalho, trna-se cansativo devido o deslocamento a universidade depois de um dia de trabalhoe tambem por não ter muito tempo para estudar.",0,FALSE,FALSE,FALSE,FALSE,FALSE,FALSE,FALSE,TRUE,FALSE
28/09/2023 11:58:59,Ciência e Tecnologia,4.0,1,0,2,1,0,0,0,5,0,1,1,3,"o tempo, passo muito tempo longe da minha familia",0,FALSE,FALSE,FALSE,FALSE,FALSE,TRUE,FALSE,FALSE,FALSE
28/09/2023 14:19:49,Ciência e Tecnologia,6.0,2,1,2,0,0,0,0,1,0,0,0,0,os gastos financeiros para me manter na faculdade,0,FALSE,FALSE,FALSE,FALSE,FALSE,FALSE,FALSE,TRUE,FALSE
26/09/2023 15:39:11,Ciência e Tecnologia,5.0,2,3,0,2,0,0,2,6,4,0,0,0,principalmente a falta de tempo para focar nos estudos,0,FALSE,FALSE,FALSE,FALSE,FALSE,FALSE,TRUE,FALSE,FALSE
27/09/2023 12:33:31,Ciência e Tecnologia,5.0,2,1,0,0,1,0,0,1,1,0,0,0,"problemas psicologicos desenvolvidos pelas materias mais complicadas do curso(ansiedade, crise de pânico)",0,FALSE,FALSE,FALSE,FALSE,FALSE,FALSE,FALSE,TRUE,FALSE
28/09/2023 11:12:13,Ciência e Tecnologia,5.0,2,3,2,2,0,0,1,5,1,0,0,1,questão de tempo e problemas pessoais,0,FALSE,FALSE,FALSE,FALSE,FALSE,FALSE,FALSE,TRUE,FALSE
22/09/2023 05:37:14,Ciência e Tecnologia,3.0,1,0,0,0,0,0,0,5,1,0,0,0,Sem dificuldade,0,TRUE,FALSE,FALSE,FALSE,FALSE,FALSE,FALSE,FALSE,FALSE
02/10/2023 15:09:01,Ciência e Tecnologia,7.0,1,0,0,0,0,3,1,1,1,1,0,2,sinto dificuldades em relação a apresentação dee seminários e em construção de artigos,0,FALSE,FALSE,FALSE,FALSE,FALSE,FALSE,FALSE,TRUE,FALSE
26/09/2023 11:06:37,Ciência e Tecnologia,3.0,2,3,2,2,0,0,0,0,0,1,0,0,só a distancia,0,FALSE,FALSE,FALSE,TRUE,FALSE,FALSE,FALSE,FALSE,FALSE
26/09/2023 12:07:54,Ciência e Tecnologia,7.0,1,0,1,1,0,0,1,0,0,0,0,0,spmente a distância entre a cidade que eu sou e angicos,0,FALSE,FALSE,FALSE,FALSE,FALSE,FALSE,FALSE,TRUE,FALSE
27/09/2023 14:07:00,Ciência e Tecnologia,5.0,1,2,3,1,0,0,1,4,0,0,0,0,sustento financeiro e transporte para ir a faculdade,0,FALSE,FALSE,FALSE,FALSE,FALSE,TRUE,FALSE,FALSE,FALSE
28/09/2023 14:04:38,Ciência e Tecnologia,5.0,1,0,0,1,0,0,3,2,2,0,0,1,tempo para consciliar o trabalho,0,FALSE,FALSE,FALSE,FALSE,FALSE,TRUE,FALSE,FALSE,FALSE
27/09/2023 13:25:30,Ciência e Tecnologia,3.0,1,0,0,0,0,0,1,6,4,1,1,2,tempo para se dedicar,0,TRUE,FALSE,FALSE,FALSE,FALSE,FALSE,FALSE,FALSE,FALSE
27/09/2023 12:42:24,Ciência e Tecnologia,5.0,2,1,2,2,0,0,3,4,4,1,0,2,"tempo, devido o trabalho",0,FALSE,FALSE,FALSE,FALSE,FALSE,FALSE,FALSE,FALSE,TRUE
28/09/2023 10:51:36,Ciência e Tecnologia,5.0,2,1,1,0,0,0,1,3,0,0,0,0,"tempo, mas da pra continuar",0,FALSE,FALSE,FALSE,FALSE,FALSE,FALSE,FALSE,TRUE,FALSE
11/09/2023 20:09:31,Ciência e Tecnologia,3.0,2,1,2,2,2,3,1,6,4,1,0,1,"Tenho dificuldade com cálculos, e em consequência da dinâmica do meu dia a dia, não consigo me dedicar de forma integral",0,FALSE,FALSE,FALSE,FALSE,FALSE,TRUE,FALSE,FALSE,FALSE
28/09/2023 14:28:52,Ciência e Tecnologia,7.0,0,0,0,0,0,0,3,6,4,0,1,2,tenho dois empregos,0,FALSE,FALSE,FALSE,FALSE,FALSE,FALSE,FALSE,TRUE,FALSE
27/09/2023 13:19:50,Ciência e Tecnologia,3.0,2,1,2,2,0,0,0,4,1,1,0,1,tenho um pouco de dificuldade em algumas disciplinas,0,FALSE,FALSE,FALSE,TRUE,FALSE,FALSE,FALSE,FALSE,FALSE
27/09/2023 13:50:34,Ciência e Tecnologia,3.0,1,0,0,0,0,0,1,6,1,1,1,3,trabalho,0,TRUE,FALSE,FALSE,FALSE,FALSE,FALSE,FALSE,FALSE,FALSE
26/09/2023 12:00:53,Ciência e Tecnologia,7.0,2,3,1,2,1,0,1,4,1,0,0,1,trabalho,0,FALSE,FALSE,FALSE,FALSE,FALSE,FALSE,FALSE,TRUE,FALSE
27/09/2023 13:46:42,Ciência e Tecnologia,5.0,2,1,3,2,2,3,1,5,4,0,0,1,"tranporte, tempo disponível para estudar",0,FALSE,FALSE,FALSE,FALSE,FALSE,FALSE,FALSE,TRUE,FALSE
26/09/2023 15:37:24,Ciência e Tecnologia,5.0,2,3,2,2,0,0,0,0,0,0,0,0,transporte,0,FALSE,FALSE,FALSE,FALSE,FALSE,FALSE,FALSE,FALSE,TRUE
28/09/2023 11:25:04,Ciência e Tecnologia,5.0,2,1,2,2,1,2,2,3,1,0,0,0,transporte,0,FALSE,FALSE,FALSE,FALSE,FALSE,FALSE,FALSE,TRUE,FALSE
28/09/2023 11:27:42,Ciência e Tecnologia,5.0,2,1,2,2,0,2,2,3,1,0,0,0,transporte,0,FALSE,FALSE,FALSE,FALSE,FALSE,FALSE,FALSE,TRUE,FALSE
28/09/2023 11:23:49,Ciência e Tecnologia,5.0,2,1,2,2,0,2,1,6,1,0,0,1,transporte e a rotina cansativa,0,FALSE,FALSE,FALSE,FALSE,FALSE,FALSE,FALSE,TRUE,FALSE
27/09/2023 13:40:21,Ciência e Tecnologia,3.0,2,1,2,2,0,0,2,5,4,0,0,1,um ensino medio e muito tempo,0,FALSE,FALSE,FALSE,TRUE,FALSE,FALSE,FALSE,FALSE,FALSE
28/09/2023 14:08:51,Ciência e Tecnologia,4.0,2,1,2,2,0,0,1,6,2,0,0,1,uma dificuldade é associar o curso com o trabalho,0,FALSE,FALSE,FALSE,FALSE,FALSE,TRUE,FALSE,FALSE,FALSE
28/09/2023 11:55:22,Ciência e Tecnologia,4.0,2,1,0,0,0,0,0,0,0,0,0,0,vim de outro estado oque dificulta pois preciso do calendario confirmado para ir e voltar entre os estados,0,FALSE,FALSE,FALSE,FALSE,FALSE,TRUE,FALSE,FALSE,FALSE
28/09/2023 11:57:32,Ciência e Tecnologia,4.0,2,1,2,2,0,0,1,2,2,0,0,1,vontae as vezes me pergunto se vale a pena tudo isso por um papel,0,FALSE,FALSE,FALSE,FALSE,FALSE,TRUE,FALSE,FALSE,FALSE
05/10/2023 14:17:52,Ciência e Tecnologia,3.0,2,1,0,0,0,1,0,3,0,0,0,0,,0,FALSE,FALSE,FALSE,FALSE,FALSE,TRUE,FALSE,FALSE,FALSE
27/09/2023 13:57:18,Engenharia Civil,7.0,2,1,0,0,0,3,0,0,0,0,0,0,.,1,FALSE,FALSE,FALSE,FALSE,FALSE,FALSE,FALSE,TRUE,FALSE
26/09/2023 15:17:13,Licenciatura em Computação e Informática,7.0,2,1,2,2,0,0,0,0,0,0,0,0,.,1,FALSE,FALSE,FALSE,FALSE,FALSE,FALSE,FALSE,TRUE,FALSE
02/10/2023 15:38:02,Licenciatura em Computação e Informática,7.0,2,1,2,2,0,2,1,3,1,0,0,0,.,1,FALSE,FALSE,FALSE,FALSE,FALSE,FALSE,FALSE,TRUE,FALSE
27/09/2023 13:59:52,Pedagogia,9.0,2,1,0,0,0,0,0,0,0,0,0,0,.,1,FALSE,FALSE,FALSE,FALSE,FALSE,FALSE,FALSE,TRUE,FALSE
02/10/2023 13:57:29,Pedagogia,9.0,2,3,2,2,0,2,1,6,1,0,0,0,.,1,FALSE,FALSE,FALSE,FALSE,FALSE,FALSE,FALSE,FALSE,FALSE
02/10/2023 15:00:54,Pedagogia,9.0,2,3,2,2,0,0,1,5,4,0,0,0,.,1,FALSE,FALSE,FALSE,FALSE,FALSE,FALSE,FALSE,FALSE,FALSE
22/09/2023 05:46:43,Pedagogia,9.0,2,1,0,0,0,0,0,0,0,0,0,0,.,1,FALSE,FALSE,FALSE,FALSE,FALSE,FALSE,FALSE,FALSE,FALSE
22/09/2023 05:55:11,Pedagogia,9.0,2,1,0,0,0,2,1,6,4,0,0,2,.,1,FALSE,FALSE,FALSE,FALSE,FALSE,FALSE,FALSE,FALSE,FALSE
28/09/2023 14:21:54,Pedagogia,10.0,2,1,2,1,0,0,1,0,0,0,0,0,.,1,FALSE,FALSE,FALSE,FALSE,FALSE,FALSE,FALSE,FALSE,FALSE
28/09/2023 14:52:13,Pedagogia,10.0,2,1,1,0,0,2,0,1,0,0,0,0,.,1,FALSE,FALSE,FALSE,FALSE,FALSE,FALSE,FALSE,FALSE,FALSE
26/09/2023 10:44:49,,,1,0,1,0,1,0,0,0,0,0,0,0,.,1,FALSE,FALSE,FALSE,FALSE,FALSE,FALSE,FALSE,FALSE,FALSE
26/09/2023 11:11:11,,,2,3,0,2,0,0,0,0,0,0,0,0,.,1,FALSE,FALSE,FALSE,FALSE,FALSE,FALSE,FALSE,FALSE,FALSE
26/09/2023 12:27:58,Sistema de Informação,,2,1,2,2,1,2,0,0,0,0,0,1,.,1,FALSE,FALSE,FALSE,FALSE,FALSE,FALSE,FALSE,FALSE,FALSE
02/10/2023 15:22:06,Sistema de Informação,,2,1,2,2,0,3,0,3,1,0,0,1,.,1,FALSE,FALSE,FALSE,FALSE,FALSE,FALSE,FALSE,FALSE,FALSE
28/09/2023 14:13:33,Sistema de Informação,,2,1,2,2,0,0,0,0,0,0,0,0,.,1,FALSE,FALSE,FALSE,FALSE,FALSE,FALSE,FALSE,FALSE,FALSE
04/10/2023 21:32:09,,,2,1,2,1,0,0,0,0,0,0,0,0,"""Dificuldade em algumas disciplinas.""",1,FALSE,FALSE,FALSE,FALSE,FALSE,FALSE,FALSE,FALSE,FALSE
04/10/2023 21:12:52,,,2,1,0,0,0,2,1,0,0,0,0,0,"""Distância da familia e custos financeiros""",1,FALSE,FALSE,FALSE,FALSE,FALSE,FALSE,FALSE,FALSE,FALSE
04/10/2023 20:59:22,,,1,0,0,0,0,0,0,4,1,1,1,3,"""Nas disciplinas da engenharia a noite""",1,FALSE,FALSE,FALSE,FALSE,FALSE,FALSE,FALSE,FALSE,FALSE
04/10/2023 21:23:41,,,2,1,2,1,0,0,1,1,0,0,0,0,"""Questão financeira, pois mesmo tendo alguma ajuda familiar não é o suficiente""",1,FALSE,FALSE,FALSE,FALSE,FALSE,FALSE,FALSE,FALSE,FALSE
28/09/2023 10:57:03,Sistema de Informação,,2,1,2,2,0,3,1,3,1,0,0,3,a biblioteca é o exencial para o estudo e as vezes deixa a critério,1,FALSE,FALSE,FALSE,FALSE,FALSE,FALSE,FALSE,FALSE,FALSE
26/09/2023 11:37:59,Pedagogia,8.0,2,3,1,2,0,0,0,3,1,1,0,1,a dificuldade de aprendizado mas permanecerei,1,FALSE,FALSE,FALSE,FALSE,FALSE,FALSE,FALSE,TRUE,FALSE
26/09/2023 12:06:01,Pedagogia,9.0,2,1,0,0,0,0,0,0,0,0,0,0,a dificuldade é o próprio curso,1,FALSE,FALSE,FALSE,FALSE,FALSE,FALSE,FALSE,TRUE,FALSE
02/10/2023 15:24:11,Licenciatura em Computação e Informática,7.0,2,3,3,2,0,2,1,1,1,1,1,2,"A distância da cidade a qual resido, problemas em relação a minha filha, como com quem deixa-la para ir a faculdade",1,FALSE,FALSE,FALSE,FALSE,FALSE,FALSE,FALSE,TRUE,FALSE
02/10/2023 14:59:18,Sistema de Informação,,2,1,2,1,0,0,0,1,1,0,0,0,"A distância de casa, longe da família e os gastos para se manter na cidade",1,FALSE,FALSE,FALSE,FALSE,FALSE,FALSE,FALSE,FALSE,FALSE
26/09/2023 15:33:29,Licenciatura em Computação e Informática,7.0,2,3,3,2,0,3,1,5,4,0,0,1,"a distância e o custo do onibus para a ufersa, falta tempo para estudar em casa.",1,FALSE,FALSE,FALSE,FALSE,FALSE,FALSE,FALSE,TRUE,FALSE
28/09/2023 14:33:24,Pedagogia,8.0,2,3,2,2,0,0,1,3,4,0,0,1,"A distância é um fator que afeta a permanência, pois acarreta em grande cansaço fisico e pelo custo",1,FALSE,FALSE,FALSE,FALSE,FALSE,FALSE,FALSE,TRUE,FALSE
22/09/2023 05:49:33,Pedagogia,11.0,2,1,0,2,0,0,2,6,4,1,0,1,A insuficiência de tempo e consciliação com o trabalho,1,FALSE,FALSE,FALSE,FALSE,FALSE,FALSE,FALSE,FALSE,FALSE
02/10/2023 15:32:31,Licenciatura em Computação e Informática,7.0,2,1,1,0,0,2,1,2,1,1,1,1,"A maior dificuldade é o tempo pois sou dona de casa, mãe e ainda trabalho pela manhã",1,FALSE,FALSE,FALSE,FALSE,FALSE,FALSE,FALSE,TRUE,FALSE
29/09/2023 14:00:21,Pedagogia,9.0,2,1,3,2,0,0,3,1,1,0,0,2,a prefeitura da minha cidade é negligente em relação ao transporte e em virtude disso perdemos muitas aulas pela falta de onibus,1,FALSE,FALSE,FALSE,FALSE,FALSE,FALSE,FALSE,TRUE,FALSE
02/10/2023 14:42:44,Pedagogia,9.0,2,1,3,2,0,0,3,1,1,0,0,2,a prefeitura da minha cidade é negligente em relação ao transporte e em virtude disso perdemos muitas aulas pela falta de ônibus,1,FALSE,FALSE,FALSE,FALSE,FALSE,FALSE,FALSE,TRUE,FALSE
05/10/2023 13:51:51,,13.0,2,1,0,0,0,3,0,0,0,0,0,0,"A pricipal dificuldade é a questão de emprego, onde as vezes penso em desistir do curso para trabalhar.",1,FALSE,FALSE,FALSE,FALSE,FALSE,FALSE,FALSE,FALSE,FALSE
28/09/2023 10:32:22,Licenciatura em Computação e Informática,7.0,2,1,2,2,0,0,0,0,0,0,0,0,a principal dificldade é a minha procrastinação,1,FALSE,FALSE,FALSE,FALSE,FALSE,FALSE,FALSE,TRUE,FALSE
02/10/2023 15:15:31,Licenciatura em Computação e Informática,7.0,2,1,0,2,0,3,1,3,1,0,0,0,A principal dificuldade está envolta da questão de conciliar meus horários e organizar meu tempo de estudo,1,FALSE,FALSE,FALSE,FALSE,FALSE,FALSE,FALSE,TRUE,FALSE
02/10/2023 15:27:47,Licenciatura em Computação e Informática,7.0,2,1,0,0,0,3,1,1,0,0,0,0,A questão de morar na cidade,1,FALSE,FALSE,FALSE,FALSE,FALSE,FALSE,FALSE,TRUE,FALSE
28/09/2023 14:16:18,Pedagogia,8.0,2,1,2,2,1,0,2,0,0,1,0,1,"acho que minha dificuldade é em relação a não me identificar muito com o meu curso, mas como ja estou no 8 perido quero concluir.",1,FALSE,FALSE,FALSE,FALSE,FALSE,FALSE,FALSE,TRUE,FALSE
02/10/2023 15:43:40,Licenciatura em Computação e Informática,7.0,2,1,2,0,0,3,0,1,3,0,0,1,Acredito que boa parte delas está relacionada a falta de acessos a livros e material didático,1,FALSE,FALSE,FALSE,FALSE,FALSE,FALSE,FALSE,TRUE,FALSE
28/09/2023 10:55:05,Pedagogia,9.0,2,1,2,2,2,2,1,1,0,0,0,1,"adaptação a rotina de viagem, dificuldade em algumas disciplinas, dificuldade em estabelecer horários p estudo",1,FALSE,FALSE,FALSE,FALSE,FALSE,FALSE,FALSE,FALSE,FALSE
28/09/2023 11:10:44,,,2,1,1,0,0,0,1,0,0,1,0,0,"algumas dificuldades financeiras, mas nada que impeça a conclusão do curso",1,FALSE,FALSE,FALSE,FALSE,FALSE,FALSE,FALSE,FALSE,FALSE
22/09/2023 05:42:24,Pedagogia,13.0,0,2,2,0,1,3,2,0,0,1,1,1,ansiedade e falta de estimulo,1,FALSE,FALSE,FALSE,FALSE,FALSE,FALSE,FALSE,FALSE,FALSE
02/10/2023 15:20:09,Licenciatura em Computação e Informática,7.0,2,1,0,2,0,2,1,3,1,0,0,0,"Ansiedade, dificuldade de organizar os horários e cobransa pessoal",1,FALSE,FALSE,FALSE,FALSE,FALSE,FALSE,FALSE,TRUE,FALSE
26/09/2023 11:39:45,,,2,1,1,0,0,0,1,0,0,0,0,0,"aqui, nenhuma, a universidade sempre garante parte dos recursos",1,FALSE,FALSE,FALSE,FALSE,FALSE,FALSE,FALSE,FALSE,FALSE
05/10/2023 14:45:24,Pedagogia,8.0,2,3,2,2,2,1,1,1,0,0,1,0,"As vezes a maior dificuldade é a quantidade de assunto de cada disciplina, e por causa de muitos professores não ser compreencivos.",1,FALSE,FALSE,FALSE,FALSE,FALSE,FALSE,FALSE,TRUE,FALSE
02/10/2023 15:36:48,Licenciatura em Computação e Informática,7.0,2,1,1,0,0,3,1,1,0,0,0,1,Assistência estudantil,1,FALSE,FALSE,FALSE,FALSE,FALSE,FALSE,FALSE,TRUE,FALSE
05/10/2023 15:02:18,Pedagogia,11.0,2,1,1,0,0,3,1,0,0,0,0,0,"Até então seria a parte financeira, por vir de outra cidade, mas até então estou quase terminando sem grandes problemas.",1,FALSE,FALSE,FALSE,FALSE,FALSE,FALSE,FALSE,FALSE,FALSE
26/09/2023 12:11:25,,,2,1,0,0,0,0,1,0,0,0,0,0,ate o momento não ha dificuldades para permanecer no curso,1,FALSE,FALSE,FALSE,FALSE,FALSE,FALSE,FALSE,FALSE,FALSE
02/10/2023 15:33:48,Licenciatura em Computação e Informática,7.0,2,1,0,1,0,2,0,3,1,0,0,1,"cansaço, esta longe de casa",1,FALSE,FALSE,FALSE,FALSE,FALSE,FALSE,FALSE,TRUE,FALSE
02/10/2023 15:18:29,Pedagogia,9.0,2,1,1,2,0,2,1,3,1,0,0,1,"chegar cedo na universidade, conciliar a rotina de um estudo de qualidade com a necessidade de exercer alguma atividade remunerada, ansiedade devido essas questões por não conseguir gerir bem o tempo",1,FALSE,FALSE,FALSE,FALSE,FALSE,FALSE,FALSE,FALSE,FALSE
26/09/2023 11:10:02,,,2,1,1,0,0,0,0,0,0,0,0,0,codade a mais de 180km,1,FALSE,FALSE,FALSE,FALSE,FALSE,FALSE,FALSE,FALSE,FALSE
02/10/2023 15:13:38,Licenciatura em Computação e Informática,7.0,2,1,2,2,0,3,1,3,1,0,0,0,com a rotina as vezes o casaço atrapalha minhas horas de estudo além dos meus problemas psicológicos como ansiedade e depressão,1,FALSE,FALSE,FALSE,FALSE,FALSE,FALSE,FALSE,TRUE,FALSE
26/09/2023 11:44:01,Sistema de Informação,,2,1,2,0,0,0,1,5,0,0,0,2,conciliar a vida pessoal e profissional com os horários de algumas disciplinas e a grade curricular do curso,1,FALSE,FALSE,FALSE,FALSE,FALSE,FALSE,FALSE,FALSE,FALSE
29/09/2023 13:43:47,Pedagogia,11.0,1,0,1,0,0,0,1,5,1,0,0,1,conciliar horários,1,FALSE,FALSE,FALSE,FALSE,FALSE,FALSE,FALSE,FALSE,FALSE
27/09/2023 12:48:56,,,2,1,3,2,0,0,0,6,4,1,1,3,"conciliar o curso com o trabalho, mas não será motivo pra desistir!",1,FALSE,FALSE,FALSE,FALSE,FALSE,FALSE,FALSE,FALSE,FALSE
29/09/2023 13:42:06,Pedagogia,11.0,2,1,2,0,0,2,1,6,1,1,1,1,"consiliar trabalho, casa, filho e estudo",1,FALSE,FALSE,FALSE,FALSE,FALSE,FALSE,FALSE,FALSE,FALSE
29/09/2023 13:51:31,Sistema de Informação,,2,1,0,0,0,0,3,1,2,0,0,2,dedicar tempo para as atividades,1,FALSE,FALSE,FALSE,FALSE,FALSE,FALSE,FALSE,FALSE,FALSE
02/10/2023 14:50:42,Sistema de Informação,,2,1,0,0,0,0,3,1,2,0,0,2,"dedicar tempo para as atividades, pois alguns prazos são insuficientes",1,FALSE,FALSE,FALSE,FALSE,FALSE,FALSE,FALSE,FALSE,FALSE
22/09/2023 05:45:09,,13.0,2,1,2,1,1,2,0,0,0,0,0,0,"deducação e falta motivação, não sei se eu quero isso pra mim",1,FALSE,FALSE,FALSE,FALSE,FALSE,FALSE,FALSE,FALSE,FALSE
02/10/2023 15:30:29,Licenciatura em Computação e Informática,7.0,2,3,0,2,0,2,1,3,4,0,0,2,desvalorização das pessoas,1,FALSE,FALSE,FALSE,FALSE,FALSE,FALSE,FALSE,TRUE,FALSE
27/09/2023 12:37:16,Engenharia Civil,7.0,2,1,0,2,1,0,1,1,1,0,0,0,devido eu não ter tido um bom ensino basico tenho dificuldades.,1,FALSE,FALSE,FALSE,FALSE,FALSE,FALSE,FALSE,TRUE,FALSE
26/09/2023 11:08:32,Pedagogia,12.0,2,1,1,2,0,0,1,0,0,1,1,1,dificuldade de aprendizado,1,FALSE,FALSE,FALSE,FALSE,FALSE,FALSE,FALSE,FALSE,FALSE
02/10/2023 14:46:37,,15.0,2,1,1,2,0,2,0,0,0,1,1,1,dificuldade de transporte e falta de acompanhante no translado,1,FALSE,FALSE,FALSE,FALSE,FALSE,FALSE,FALSE,FALSE,FALSE
29/09/2023 13:54:38,,15.0,2,1,1,2,0,2,0,0,0,1,1,1,"dificuldade de transporte, e falta de companhia no translado",1,FALSE,FALSE,FALSE,FALSE,FALSE,FALSE,FALSE,FALSE,FALSE
05/10/2023 10:44:40,Sistema de Informação,,2,1,0,2,0,0,1,3,1,0,0,0,dificuldade em entender algumas matérias,1,FALSE,FALSE,FALSE,FALSE,FALSE,FALSE,FALSE,FALSE,FALSE
27/09/2023 13:02:00,,,2,1,2,2,0,0,2,4,0,0,1,3,dificuldade em quem fique com meus filhos e os horarios de saida do onibus,1,FALSE,FALSE,FALSE,FALSE,FALSE,FALSE,FALSE,FALSE,FALSE
26/09/2023 11:31:23,Licenciatura em Computação e Informática,7.0,2,1,0,1,1,0,0,0,0,0,1,1,dificuldade financeira e distancia da minha filha,1,FALSE,FALSE,FALSE,FALSE,FALSE,FALSE,FALSE,TRUE,FALSE
26/09/2023 11:32:37,Pedagogia,8.0,2,1,0,0,0,0,0,0,0,0,0,0,dificuldade no aprendizado,1,FALSE,FALSE,FALSE,FALSE,FALSE,FALSE,FALSE,TRUE,FALSE
27/09/2023 12:57:43,,,1,2,1,0,2,0,1,0,0,0,0,0,dificuldade no aprendizado,1,FALSE,FALSE,FALSE,FALSE,FALSE,FALSE,FALSE,FALSE,FALSE
05/10/2023 10:42:58,Sistema de Informação,,2,1,0,2,0,0,1,0,0,1,0,0,dificuldade no transporte em algumas matérias entre outras dificuldades,1,FALSE,FALSE,FALSE,FALSE,FALSE,FALSE,FALSE,FALSE,FALSE
28/09/2023 14:06:26,,,2,1,3,2,1,3,1,1,0,0,0,0,"dificuldades em disciplinas, como por exemplo calculo",1,FALSE,FALSE,FALSE,FALSE,FALSE,FALSE,FALSE,FALSE,FALSE
27/09/2023 14:03:56,Pedagogia,11.0,2,1,0,0,0,3,1,0,0,0,0,0,distância da minha cidade para cá e também de me manter na cidade sem nenhuma bolsa,1,FALSE,FALSE,FALSE,FALSE,FALSE,FALSE,FALSE,FALSE,FALSE
28/09/2023 14:41:09,,16.0,2,1,0,0,0,2,1,1,0,0,0,0,"distancia da minha cidade, falta de horários",1,FALSE,FALSE,FALSE,FALSE,FALSE,FALSE,FALSE,FALSE,FALSE
26/09/2023 15:12:17,Pedagogia,8.0,2,3,2,2,2,2,2,6,2,0,0,1,Distância entre minha residencia e a universidade.,1,FALSE,FALSE,FALSE,FALSE,FALSE,FALSE,FALSE,TRUE,FALSE
27/09/2023 10:34:41,Pedagogia,8.0,2,1,2,2,1,0,2,0,0,0,0,0,distância.,1,FALSE,FALSE,FALSE,FALSE,FALSE,FALSE,FALSE,TRUE,FALSE
02/10/2023 14:44:48,Pedagogia,9.0,1,0,1,0,0,0,0,1,1,0,0,2,Em especial é o custo de vida que as vezes o valor da bolsa não suporta todas as despesas,1,FALSE,FALSE,FALSE,FALSE,FALSE,FALSE,FALSE,TRUE,FALSE
29/09/2023 13:57:44,Pedagogia,9.0,1,0,1,0,0,0,0,1,1,0,0,2,em especial o custo de vida que as vezes o valor da bolsa não suporta todas as despesas,1,FALSE,FALSE,FALSE,FALSE,FALSE,FALSE,FALSE,TRUE,FALSE
02/10/2023 14:57:34,Pedagogia,9.0,2,1,0,0,0,2,0,1,0,0,0,1,em relação a recursos financeiros,1,FALSE,FALSE,FALSE,FALSE,FALSE,FALSE,FALSE,FALSE,FALSE
27/09/2023 13:48:56,Sistema de Informação,,2,1,2,2,2,0,1,4,1,0,0,0,"entrei nele por conta dos meus pais, porém pretendo alcançar grandes resultados em minha vida através do empreendedorismo, negócios...",1,FALSE,FALSE,FALSE,FALSE,FALSE,FALSE,FALSE,FALSE,FALSE
26/09/2023 10:53:40,,,2,1,0,0,0,0,0,0,0,0,0,0,"estou tendo dificuldade em calculo 1 e em conseguir prestar atenção em analise e expressão textual, mas nao penso nisso como algo que faria eu largar ou trancar a universidade.",1,FALSE,FALSE,FALSE,FALSE,FALSE,FALSE,FALSE,FALSE,FALSE
28/09/2023 14:39:18,Pedagogia,12.0,2,1,0,0,0,3,0,3,0,0,0,0,falta de bolsa,1,FALSE,FALSE,FALSE,FALSE,FALSE,FALSE,FALSE,FALSE,FALSE
28/09/2023 14:35:17,Pedagogia,8.0,2,1,0,0,0,0,1,1,0,0,0,1,falta de motivação dos professores e da própria universidade,1,FALSE,FALSE,FALSE,FALSE,FALSE,FALSE,FALSE,TRUE,FALSE
02/10/2023 14:54:47,Pedagogia,9.0,2,1,2,0,0,2,2,6,2,0,0,1,Falta de tempo e dificuldade no aprendizado,1,FALSE,FALSE,FALSE,FALSE,FALSE,FALSE,FALSE,FALSE,FALSE
26/09/2023 12:04:15,,,2,1,1,0,0,0,0,1,0,0,0,0,financeira,1,FALSE,FALSE,FALSE,FALSE,FALSE,FALSE,FALSE,FALSE,FALSE
27/09/2023 10:36:28,Pedagogia,11.0,2,1,0,1,0,2,2,4,0,0,0,1,financeira e a distância de casa,1,FALSE,FALSE,FALSE,FALSE,FALSE,FALSE,FALSE,FALSE,FALSE
29/09/2023 13:40:14,Pedagogia,11.0,2,1,2,0,0,3,1,1,0,1,1,1,financeiro,1,FALSE,FALSE,FALSE,FALSE,FALSE,FALSE,FALSE,FALSE,FALSE
29/09/2023 13:49:12,Sistema de Informação,,2,1,1,0,0,3,1,3,2,0,0,1,financeiro e de locomoção,1,FALSE,FALSE,FALSE,FALSE,FALSE,FALSE,FALSE,FALSE,FALSE
28/09/2023 10:35:17,Licenciatura em Computação e Informática,7.0,2,1,1,0,1,3,1,0,0,0,0,0,"financeiro, dificuldades psicologicas, não tive um bom ensino médio em exatas",1,FALSE,FALSE,FALSE,FALSE,FALSE,FALSE,FALSE,TRUE,FALSE
28/09/2023 14:12:32,Sistema de Informação,,2,1,2,0,1,0,2,0,0,0,0,0,"gastos do ms, como aluguel, conta de agua energia etc...",1,FALSE,FALSE,FALSE,FALSE,FALSE,FALSE,FALSE,FALSE,FALSE
29/09/2023 13:35:34,Pedagogia,11.0,2,1,0,0,1,3,1,1,0,0,0,0,grande demanada de atividades e dificuldade de aprendizagem,1,FALSE,FALSE,FALSE,FALSE,FALSE,FALSE,FALSE,FALSE,FALSE
27/09/2023 12:47:21,Sistema de Informação,,2,1,2,2,0,0,2,6,4,0,0,3,horário e locomoção,1,FALSE,FALSE,FALSE,FALSE,FALSE,FALSE,FALSE,FALSE,FALSE
28/09/2023 14:23:58,Pedagogia,12.0,2,1,2,2,0,0,1,5,2,0,0,1,Lembrar dos conteúdos,1,FALSE,FALSE,FALSE,FALSE,FALSE,FALSE,FALSE,FALSE,FALSE
22/09/2023 05:58:49,Sistema de Informação,,2,1,2,1,0,3,2,0,0,0,0,0,"localidade/transporte:embora fico em angicos em alguns dias, sou de outra cidade e isso acarreta em custos de transporte e a vivência na cidade",1,FALSE,FALSE,FALSE,FALSE,FALSE,FALSE,FALSE,FALSE,FALSE
27/09/2023 12:46:05,Licenciatura em Computação e Informática,7.0,2,1,2,2,0,0,1,0,0,0,0,1,locomoção alimentação e tempo para estudar,1,FALSE,FALSE,FALSE,FALSE,FALSE,FALSE,FALSE,TRUE,FALSE
28/09/2023 14:48:24,Pedagogia,10.0,2,3,3,2,1,2,2,3,2,0,0,1,materia de calculo,1,FALSE,FALSE,FALSE,FALSE,FALSE,FALSE,FALSE,FALSE,FALSE
28/09/2023 14:00:53,,,2,2,2,2,1,2,2,3,1,0,0,1,materias de mais e muito pouco tempo,1,FALSE,FALSE,FALSE,FALSE,FALSE,FALSE,FALSE,FALSE,FALSE
26/09/2023 15:41:47,Engenharia Civil,7.0,2,1,2,2,0,3,1,6,4,1,0,0,muitas vezes a dificuldade de aprendizado em algumas disciplinas,1,FALSE,FALSE,FALSE,FALSE,FALSE,FALSE,FALSE,TRUE,FALSE
26/09/2023 11:59:34,Sistema de Informação,,2,2,0,0,0,0,0,0,0,0,0,0,nada me impedi de concluir o curso,1,FALSE,FALSE,FALSE,FALSE,FALSE,FALSE,FALSE,FALSE,FALSE
28/09/2023 14:42:13,,14.0,1,0,2,0,0,2,0,1,0,0,0,1,não,1,FALSE,FALSE,FALSE,FALSE,FALSE,FALSE,FALSE,FALSE,FALSE
02/10/2023 15:06:28,Licenciatura em Computação e Informática,7.0,2,1,1,0,0,0,0,1,0,1,0,1,não enfrento dificuldades,1,FALSE,FALSE,FALSE,FALSE,FALSE,FALSE,FALSE,TRUE,FALSE
27/09/2023 12:39:10,Pedagogia,9.0,2,1,0,0,0,0,0,1,1,0,0,0,não há dificuldades!,1,FALSE,FALSE,FALSE,FALSE,FALSE,FALSE,FALSE,TRUE,FALSE
26/09/2023 12:20:12,Sistema de Informação,,2,1,0,0,1,0,0,0,0,0,0,0,não sou de exatas,1,FALSE,FALSE,FALSE,FALSE,FALSE,FALSE,FALSE,FALSE,FALSE
26/09/2023 15:27:43,Pedagogia,10.0,2,1,2,2,1,0,1,3,2,0,0,1,não tem todas as matérias no horário da noite,1,FALSE,FALSE,FALSE,FALSE,FALSE,FALSE,FALSE,FALSE,FALSE
02/10/2023 15:28:58,Licenciatura em Computação e Informática,7.0,2,3,0,2,0,0,0,0,0,0,0,0,não tenho,1,FALSE,FALSE,FALSE,FALSE,FALSE,FALSE,FALSE,TRUE,FALSE
28/09/2023 14:49:45,Pedagogia,8.0,2,1,0,0,0,0,1,1,1,0,0,1,não tenho,1,FALSE,FALSE,FALSE,FALSE,FALSE,FALSE,FALSE,TRUE,FALSE
29/09/2023 14:01:51,Pedagogia,9.0,1,0,0,0,0,0,0,1,1,0,0,0,não tenho,1,FALSE,FALSE,FALSE,FALSE,FALSE,FALSE,FALSE,TRUE,FALSE
22/09/2023 06:03:42,Pedagogia,11.0,2,1,0,0,0,2,0,4,0,0,0,0,não tenho,1,FALSE,FALSE,FALSE,FALSE,FALSE,FALSE,FALSE,FALSE,FALSE
26/09/2023 10:55:01,,,2,1,0,0,0,0,0,0,0,0,0,0,não tenho,1,FALSE,FALSE,FALSE,FALSE,FALSE,FALSE,FALSE,FALSE,FALSE
05/10/2023 10:59:42,Pedagogia,13.0,2,3,0,2,0,0,0,6,4,1,0,1,Não tenho dificuldades,1,FALSE,FALSE,FALSE,FALSE,FALSE,FALSE,FALSE,FALSE,FALSE
26/09/2023 12:16:57,Sistema de Informação,,2,1,0,0,0,0,0,0,0,0,0,0,não tenho dificuldades,1,FALSE,FALSE,FALSE,FALSE,FALSE,FALSE,FALSE,FALSE,FALSE
26/09/2023 14:58:12,Licenciatura em Computação e Informática,7.0,2,3,1,1,0,0,0,0,0,0,0,0,não tenho dificuldades para a permanencia,1,FALSE,FALSE,FALSE,FALSE,FALSE,FALSE,FALSE,TRUE,FALSE
02/10/2023 14:56:01,Pedagogia,9.0,2,1,2,0,0,0,0,1,0,0,0,1,não tenho dificuldades para minha permanência,1,FALSE,FALSE,FALSE,FALSE,FALSE,FALSE,FALSE,FALSE,FALSE
02/10/2023 14:40:19,Pedagogia,9.0,1,0,0,0,0,0,0,1,1,0,0,0,"nãp tenho dificuldades, permanecerei até a conclusão do curso",1,FALSE,FALSE,FALSE,FALSE,FALSE,FALSE,FALSE,TRUE,FALSE
05/10/2023 15:09:20,,13.0,2,3,0,2,0,0,0,6,4,0,0,0,Nenhuma,1,FALSE,FALSE,FALSE,FALSE,FALSE,FALSE,FALSE,FALSE,FALSE
28/09/2023 10:27:30,,,2,3,0,2,0,0,1,0,0,0,0,0,nenhuma,1,FALSE,FALSE,FALSE,FALSE,FALSE,FALSE,FALSE,FALSE,FALSE
26/09/2023 10:51:25,Sistema de Informação,,2,1,0,2,0,0,0,6,1,0,0,1,nenhuma,1,FALSE,FALSE,FALSE,FALSE,FALSE,FALSE,FALSE,FALSE,FALSE
26/09/2023 12:25:21,,,2,1,0,0,0,0,0,0,0,0,0,0,"nenhuma ate o momento, calculo 1",1,FALSE,FALSE,FALSE,FALSE,FALSE,FALSE,FALSE,FALSE,FALSE
05/10/2023 15:21:40,Pedagogia,9.0,0,1,2,2,1,0,1,3,1,0,0,1,"No inicio do curso tinha dificuldade de aprender, por ser a distância durante a pandemia.",1,FALSE,FALSE,FALSE,FALSE,FALSE,FALSE,FALSE,TRUE,FALSE
28/09/2023 18:45:57,,,1,0,0,0,0,0,0,3,1,1,1,1,no momento é conciliar os estudos com o estagio e as obrigações de casa,1,FALSE,FALSE,FALSE,FALSE,FALSE,FALSE,FALSE,FALSE,FALSE
26/09/2023 15:20:34,Licenciatura em Computação e Informática,7.0,2,1,0,0,0,0,0,0,0,0,0,0,no momento não há dificuldades,1,FALSE,FALSE,FALSE,FALSE,FALSE,FALSE,FALSE,TRUE,FALSE
26/09/2023 15:08:49,Licenciatura em Computação e Informática,7.0,2,1,1,2,0,0,2,0,0,0,0,0,no momento não tenho dificuldades na perman~encia,1,FALSE,FALSE,FALSE,FALSE,FALSE,FALSE,FALSE,TRUE,FALSE
05/10/2023 10:48:24,Pedagogia,11.0,2,3,3,2,0,3,1,6,4,0,0,2,O custo carissimo do ônibus,1,FALSE,FALSE,FALSE,FALSE,FALSE,FALSE,FALSE,FALSE,FALSE
22/09/2023 06:09:00,Pedagogia,13.0,1,0,0,0,0,0,1,6,2,0,0,1,o tempo corrido devido a demanda do trabalho e a faculdade em si ela tem um ritmo sem pausa para as atividades.,1,FALSE,FALSE,FALSE,FALSE,FALSE,FALSE,FALSE,FALSE,FALSE
02/10/2023 14:36:05,Pedagogia,8.0,2,1,2,0,1,2,1,3,1,0,0,1,os custos de morar fora,1,FALSE,FALSE,FALSE,FALSE,FALSE,FALSE,FALSE,TRUE,FALSE
29/09/2023 14:05:32,Pedagogia,9.0,2,1,2,0,1,2,1,3,1,0,0,1,os custos de morar fora,1,FALSE,FALSE,FALSE,FALSE,FALSE,FALSE,FALSE,FALSE,FALSE
26/09/2023 14:56:41,Pedagogia,9.0,2,3,2,2,0,0,0,1,0,0,0,0,principalmente em relação ao deslocamento ao campus,1,FALSE,FALSE,FALSE,FALSE,FALSE,FALSE,FALSE,TRUE,FALSE
28/09/2023 14:51:10,Pedagogia,8.0,2,1,0,2,0,0,1,4,4,1,0,1,"questão de tempo, local e deslocamento",1,FALSE,FALSE,FALSE,FALSE,FALSE,FALSE,FALSE,TRUE,FALSE
05/10/2023 11:26:35,Pedagogia,13.0,2,1,0,0,0,3,1,0,0,0,0,1,"Questões financeiras, oportunidades de estágios remunerados, oportudade de ensino, como, disciplinas com mais práticas ou aulas em campus.",1,FALSE,FALSE,FALSE,FALSE,FALSE,FALSE,FALSE,FALSE,FALSE
26/09/2023 11:13:07,Sistema de Informação,,2,1,2,2,1,2,1,1,0,0,0,1,"rptina exaustiva, situações financeiras, meus problemas psicologicos.",1,FALSE,FALSE,FALSE,FALSE,FALSE,FALSE,FALSE,FALSE,FALSE
02/10/2023 15:39:19,Licenciatura em Computação e Informática,7.0,2,1,0,0,0,2,0,3,0,0,0,0,saudades da família,1,FALSE,FALSE,FALSE,FALSE,FALSE,FALSE,FALSE,TRUE,FALSE
02/10/2023 15:40:55,Licenciatura em Computação e Informática,7.0,2,1,2,2,0,0,1,1,1,0,0,1,Saúde mental,1,FALSE,FALSE,FALSE,FALSE,FALSE,FALSE,FALSE,TRUE,FALSE
28/09/2023 11:16:17,Sistema de Informação,,2,3,2,2,0,1,0,3,1,0,0,1,situações enfrentadas no meu cotidiano,1,FALSE,FALSE,FALSE,FALSE,FALSE,FALSE,FALSE,FALSE,FALSE
26/09/2023 11:41:06,Sistema de Informação,,2,3,0,2,0,0,1,2,0,1,0,1,so o horario que eu tenho que é muito corrido,1,FALSE,FALSE,FALSE,FALSE,FALSE,FALSE,FALSE,FALSE,FALSE
26/09/2023 15:03:42,Licenciatura em Computação e Informática,7.0,2,1,2,2,0,0,0,1,0,0,0,0,só o transporte que tenho a noite me faz com que atrase nas disciplinas,1,FALSE,FALSE,FALSE,FALSE,FALSE,FALSE,FALSE,TRUE,FALSE
02/10/2023 15:11:16,Licenciatura em Computação e Informática,7.0,2,1,2,2,0,2,1,1,0,0,0,0,spb carga das demandas dificuldade em relação ao transporte público. que em muitas vezes apresenta dificuldades,1,FALSE,FALSE,FALSE,FALSE,FALSE,FALSE,FALSE,TRUE,FALSE
29/09/2023 13:45:26,Pedagogia,11.0,2,1,1,0,0,0,0,1,1,1,1,1,"tempo de estudos e ler o textos suficientes, imprevistos",1,FALSE,FALSE,FALSE,FALSE,FALSE,FALSE,FALSE,FALSE,FALSE
27/09/2023 14:01:09,Pedagogia,13.0,2,3,3,2,0,0,1,4,4,0,0,1,tempo e cansaço,1,FALSE,FALSE,FALSE,FALSE,FALSE,FALSE,FALSE,FALSE,FALSE
28/09/2023 14:30:30,Pedagogia,8.0,2,1,2,2,0,0,2,6,4,0,0,2,tempo insuficiente para adequada integração,1,FALSE,FALSE,FALSE,FALSE,FALSE,FALSE,FALSE,TRUE,FALSE
05/10/2023 14:02:00,,,1,0,1,0,0,0,3,4,4,0,0,1,Tempo para concluir as tarefas,1,FALSE,FALSE,FALSE,FALSE,FALSE,FALSE,FALSE,FALSE,FALSE
28/09/2023 14:46:49,Pedagogia,12.0,2,1,0,0,0,0,2,5,4,0,0,0,tempo para desempenho das atividades devido ao trabalho,1,FALSE,FALSE,FALSE,FALSE,FALSE,FALSE,FALSE,FALSE,FALSE
29/09/2023 13:46:47,Pedagogia,11.0,1,0,1,0,0,0,0,6,4,1,1,1,tempo para estudar,1,FALSE,FALSE,FALSE,FALSE,FALSE,FALSE,FALSE,FALSE,FALSE
28/09/2023 14:03:22,Pedagogia,8.0,2,2,2,2,1,0,2,6,4,0,0,1,tempo! por conta do trabalho o dia inteiro dificuldade com o curso por não me identificar muito,1,FALSE,FALSE,FALSE,FALSE,FALSE,FALSE,FALSE,TRUE,FALSE
02/10/2023 15:25:59,Pedagogia,7.0,2,1,2,0,0,2,2,3,1,0,0,1,Tenho dificuldades para me organizar com os horários por causa do estágio o que me deixa bem aflito,1,FALSE,FALSE,FALSE,FALSE,FALSE,FALSE,FALSE,TRUE,FALSE
29/09/2023 14:03:54,Pedagogia,9.0,2,1,2,0,0,0,1,2,2,0,0,1,"trabalha e estudar, pois, torna-se bastante cansativo e não consigo me dedicar como gostaria aos estudos e demais atividades",1,FALSE,FALSE,FALSE,FALSE,FALSE,FALSE,FALSE,FALSE,FALSE
02/10/2023 14:38:21,Pedagogia,9.0,2,1,2,0,0,0,1,2,2,0,0,1,"trabalhar e estudar, pois torna-se bastante cansativo e não consigo me dedicar como gostaria aos estudos e demais atividades.",1,FALSE,FALSE,FALSE,FALSE,FALSE,FALSE,FALSE,FALSE,FALSE
26/09/2023 10:47:43,Sistema de Informação,,2,3,2,2,0,0,0,4,3,0,0,1,trabalho as vezes chego cansado e minha cabeça não entra nada.,1,FALSE,FALSE,FALSE,FALSE,FALSE,FALSE,FALSE,FALSE,FALSE
26/09/2023 14:54:42,,14.0,2,3,2,2,0,0,1,0,0,0,0,0,transporte,1,FALSE,FALSE,FALSE,FALSE,FALSE,FALSE,FALSE,FALSE,FALSE
02/10/2023 14:52:55,Pedagogia,9.0,2,1,2,2,0,2,0,1,0,1,1,1,transporte que é público em que muitas vezes falta por causa qe as peças quebram,1,FALSE,FALSE,FALSE,FALSE,FALSE,FALSE,FALSE,FALSE,FALSE
22/09/2023 05:53:34,Sistema de Informação,,2,3,2,2,0,3,2,6,4,0,0,1,"transporte, é muito complicado pegar o onibus sair do trabalho cedo e vir para angicos",1,FALSE,FALSE,FALSE,FALSE,FALSE,FALSE,FALSE,FALSE,FALSE
28/09/2023 10:59:30,Sistema de Informação,,2,1,2,2,0,0,0,3,1,0,0,0,"transporte, pois as vezes está quebrado ou não está disponível. O cansaço para conciliar o trabalho com as demandas de atividades",1,FALSE,FALSE,FALSE,FALSE,FALSE,FALSE,FALSE,FALSE,FALSE
26/09/2023 10:49:58,Sistema de Informação,,2,2,1,0,1,3,2,0,0,0,0,1,uma das dificuldades é um assunto complexo pois é muito dificil,1,FALSE,FALSE,FALSE,FALSE,FALSE,FALSE,FALSE,FALSE,FALSE
29/09/2023 13:37:47,Pedagogia,11.0,2,1,0,0,0,3,1,1,0,0,0,1,"uma dificuldade é a questão de tempo de estudo, em casa ão tenho muito espaço para estudar",1,FALSE,FALSE,FALSE,FALSE,FALSE,FALSE,FALSE,FALSE,FALSE
Carimbo de data/hora,Curso,Semestre de Ingresso,Como é o seu deslocamento até a universidade?,"Com relação ao transporte do item anterior, ele é:",O transporte representa uma barreira/dificuldade para frequentar a universidade?,Você mora em Angicos?,Você se identifica com o curso que está fazendo?,Como você considera a acessibilidade do Campus?,Em relação ao tempo necessário como discente para dedicar no estudo?,Você trabalha?,"Se você trabalha, em quais horários?",É casado(a)/está em união estável?,Tem filhos?,Você contribui para o sustento financeiro da família?,Cite as principais dificuldades para sua permanência no Curso,"Já pensou em trancar disciplinas, período ou abandonar o curso? Se sim, por que?",Você sofreu algum tipo de preconceito ou violência durante o curso relativo a:_Aparência,Você sofreu algum tipo de preconceito ou violência durante o curso relativo a:_Condição financeira,Você sofreu algum tipo de preconceito ou violência durante o curso relativo a:_Cor de pele,Você sofreu algum tipo de preconceito ou violência durante o curso relativo a:_Curso,Você sofreu algum tipo de preconceito ou violência durante o curso relativo a:_Deficiência,Você sofreu algum tipo de preconceito ou violência durante o curso relativo a:_Dificuldade de aprendizado,Você sofreu algum tipo de preconceito ou violência durante o curso relativo a:_Gênero,Você sofreu algum tipo de preconceito ou violência durante o curso relativo a:_Não,Você sofreu algum tipo de preconceito ou violência durante o curso relativo a:_idade